Index,Y_actual,Y_predicted
0,2,2.0
1,1,1.032258064516129
2,0,0.0
3,2,2.0
4,0,0.0
5,2,2.0
6,0,0.0
7,1,1.032258064516129
8,1,1.032258064516129
9,1,1.032258064516129
10,2,1.032258064516129
11,1,1.032258064516129
12,1,1.032258064516129
13,1,1.5441176470588236
14,1,1.032258064516129
15,0,0.0
16,1,1.032258064516129
17,1,1.0625
18,0,0.0
19,0,0.0
20,2,2.0
21,1,1.032258064516129
22,0,0.0
23,0,0.0
24,2,2.0
25,0,0.0
26,0,0.0
27,1,1.032258064516129
28,1,1.0625
29,0,0.0
