index,precision,recall,f1-score,support
0,1.0,1.0,1.0,11.0
1,0.9285714285714286,1.0,0.962962962962963,13.0
2,1.0,0.8333333333333334,0.9090909090909091,6.0
accuracy,0.9666666666666667,0.9666666666666667,0.9666666666666667,0.9666666666666667
macro avg,0.9761904761904763,0.9444444444444445,0.957351290684624,30.0
weighted avg,0.9690476190476189,0.9666666666666667,0.9657687991021324,30.0
