Metrices,Scores
MAE,0.6372626364053184
MSE,1.1630722166732186
RMSE,1.0784582591242087
R2Score,0.9539875159843554
