Metrices,Scores
MAE,0.03824166976340893
MSE,0.0076274127603639845
RMSE,0.08733506031579748
R2Score,0.9858460381766442
