Metrices,Scores
MAE,1.0520147208296649
MSE,2.740946560787899
RMSE,1.6555804301778572
R2Score,0.8915649793641113
