Index,Y_actual,Y_predicted
0,2,2.0
1,1,1.0512820512820513
2,0,0.0
3,2,2.0
4,0,0.0
5,2,2.0
6,0,0.0
7,1,1.0217391304347827
8,1,1.0217391304347827
9,1,1.0217391304347827
10,2,1.6944444444444444
11,1,1.0217391304347827
12,1,1.0217391304347827
13,1,1.0217391304347827
14,1,1.0217391304347827
15,0,0.0
16,1,1.0217391304347827
17,1,1.0217391304347827
18,0,0.0
19,0,0.0
20,2,1.75
21,1,1.0217391304347827
22,0,0.0
23,0,0.0
24,2,1.75
25,0,0.0
26,0,0.0
27,1,1.0217391304347827
28,1,1.0512820512820513
29,0,0.0
