Metrices,Scores
MAE,0.06531467425679949
MSE,0.04169355982660556
RMSE,0.20419000912533786
R2Score,0.9226305075382577
