Metrices,Scores
MAE,1.2951055300678052
MSE,7.684607108194839
RMSE,2.7721123909745864
R2Score,0.6959880421323232
